weight0, weight1, weight2, weight3, weight4, bias
-0.9767971270922494, -0.5837486105476755, 3.2014916271341005, 1.1863407950509222, 0.6991898789920419, -3.0693472163941546